ID,event,dir,audio_volume,visual_type,audio_angle,audio_type,answer,reaction_time,valid
400,4,1,0,0,20,0,1,922,True
400,5,-1,0,0,-30,0,0,811,True
400,6,1,0,0,10,0,1,757,True
400,7,-1,0,0,30,0,1,722,True
400,8,1,0,0,10,0,1,755,True
400,9,-1,0,0,15,0,1,1177,True
400,10,1,0,0,0,0,1,688,True
400,11,-1,0,0,-20,0,0,623,True
400,12,1,0,0,10,0,1,766,True
400,13,-1,0,0,15,0,1,700,True
400,14,1,0,0,5,0,1,922,True
400,15,-1,0,0,-5,0,0,800,True
400,16,1,0,0,-5,0,0,756,True
400,17,-1,0,0,0,0,0,745,True
400,18,1,0,0,5,0,1,811,True
400,19,-1,0,0,-10,0,0,623,True
400,20,1,0,0,-10,0,0,788,True
400,21,-1,0,0,-30,0,0,543,True
400,22,1,0,0,-15,0,0,709,True
400,23,-1,0,0,5,0,1,688,True
400,24,1,0,0,0,0,1,610,True
400,25,-1,0,0,20,0,1,678,True
400,26,1,0,0,-5,0,0,578,True
400,27,-1,0,0,-15,0,0,1910,True
400,28,1,0,0,-10,0,0,678,True
400,29,-1,0,0,0,0,1,577,True
400,30,1,0,0,20,0,1,688,True
400,31,-1,0,0,5,0,1,688,True
400,32,1,0,0,-5,0,0,967,True
400,33,-1,0,0,10,0,1,655,True
400,34,1,0,0,-20,0,0,622,True
400,35,-1,0,0,-10,0,0,988,True
400,36,1,0,0,30,0,1,922,True
400,37,-1,0,0,5,0,1,911,True
400,38,1,0,0,0,0,0,954,True
400,39,-1,0,0,-15,0,0,1444,True
400,40,1,0,0,-15,0,0,823,True
400,41,-1,0,0,10,0,1,700,True
400,42,1,0,0,5,0,1,710,True
400,43,-1,0,0,20,0,1,543,True
400,44,1,0,0,-20,0,0,677,True
400,45,-1,0,0,-15,0,0,622,True
400,46,1,0,0,15,0,1,589,True
400,47,-1,0,0,-10,0,0,966,True
400,48,1,0,0,15,0,1,767,True
400,49,-1,0,0,-30,0,0,778,True
400,50,1,0,0,-20,0,0,767,True
400,51,-1,0,0,30,0,1,688,True
400,52,1,0,0,30,0,1,755,True
400,53,-1,0,0,20,0,1,1455,True
400,54,1,0,0,15,0,1,844,True
400,55,-1,0,0,-5,0,0,611,True
400,56,1,0,0,20,0,1,700,True
400,57,-1,0,0,-5,0,0,612,True
400,58,1,0,0,-15,0,0,989,True
400,59,-1,0,0,15,0,1,722,True
400,60,1,0,0,-30,0,0,633,True
400,61,-1,0,0,0,0,1,611,True
400,62,1,0,0,-30,0,0,789,True
400,63,-1,0,0,-20,0,0,644,True
400,64,1,0,0,-10,0,0,778,True
400,65,-1,0,0,10,0,1,589,True
400,66,1,0,0,30,0,1,622,True
400,67,-1,0,0,-20,0,0,677,True
400,68,1,0,0,-30,0,0,634,True
400,69,-1,0,0,30,0,1,744,True
401,4,1,0,0,5,0,1,1533,True
401,5,-1,0,0,-5,0,1,1489,True
401,6,1,0,0,-5,0,1,932,True
401,7,-1,0,0,-15,0,0,1232,True
401,8,1,0,0,0,0,1,989,True
401,9,-1,0,0,20,0,1,922,True
401,10,1,0,0,15,0,1,1621,True
401,11,-1,0,0,-20,0,0,1977,True
401,12,1,0,0,-10,0,0,1766,True
401,13,-1,0,0,-30,0,0,1032,True
401,14,1,0,0,0,0,1,1178,True
401,15,-1,0,0,15,0,1,1311,True
401,16,1,0,0,-30,0,0,1199,True
401,17,-1,0,0,5,0,1,1344,True
401,18,1,0,0,-15,0,0,1156,True
401,19,-1,0,0,-20,0,0,977,True
401,20,1,0,0,5,0,1,910,True
401,21,-1,0,0,-10,0,1,1132,True
401,22,1,0,0,-30,0,0,1090,True
401,23,-1,0,0,-15,0,0,977,True
401,24,1,0,0,0,0,1,1077,True
401,25,-1,0,0,0,0,1,955,True
401,26,1,0,0,10,0,1,855,True
401,27,-1,0,0,15,0,1,1854,True
401,28,1,0,0,-20,0,0,1699,True
401,29,-1,0,0,-10,0,0,823,True
401,30,1,0,0,-10,0,0,1155,True
401,31,-1,0,0,0,0,0,833,True
401,32,1,0,0,-5,0,0,855,True
401,33,-1,0,0,30,0,1,988,True
401,34,1,0,0,-20,0,0,910,True
401,35,-1,0,0,-20,0,0,1200,True
401,36,1,0,0,15,0,1,1077,True
401,37,-1,0,0,30,0,1,1298,True
401,38,1,0,0,5,0,1,2599,True
401,39,-1,0,0,0,0,1,1433,True
401,40,1,0,0,20,0,1,944,True
401,41,-1,0,0,-5,0,0,844,True
401,42,1,0,0,30,0,1,854,True
401,43,-1,0,0,20,0,1,866,True
401,44,1,0,0,15,0,1,845,True
401,45,-1,0,0,5,0,0,766,True
401,46,1,0,0,30,0,1,733,True
401,47,-1,0,0,30,0,1,876,True
401,48,1,0,0,20,0,1,855,True
401,49,-1,0,0,20,0,1,1055,True
401,50,1,0,0,-15,0,0,1143,True
401,51,-1,0,0,10,0,1,933,True
401,52,1,0,0,-20,0,0,1167,True
401,53,-1,0,0,10,0,1,1143,True
401,54,1,0,0,10,0,1,778,True
401,55,-1,0,0,-30,0,0,655,True
401,56,1,0,0,-5,0,0,911,True
401,57,-1,0,0,-30,0,0,800,True
401,58,1,0,0,30,0,1,721,True
401,59,-1,0,0,-5,0,0,766,True
401,60,1,0,0,-30,0,0,722,True
401,61,-1,0,0,10,0,1,800,True
401,62,1,0,0,-10,0,0,689,True
401,63,-1,0,0,15,0,1,855,True
401,64,1,0,0,-15,0,0,789,True
401,65,-1,0,0,5,0,1,755,True
401,66,1,0,0,20,0,1,689,True
401,67,-1,0,0,-10,0,0,767,True
401,68,1,0,0,10,0,1,800,True
401,69,-1,0,0,-15,0,0,678,True
402,4,1,0,0,-10,0,0,810,True
402,5,-1,0,0,5,0,1,1299,True
402,6,1,0,0,-5,0,0,843,True
402,7,-1,0,0,10,0,1,922,True
402,8,1,0,0,-30,0,0,777,True
402,9,-1,0,0,-10,0,0,700,True
402,10,1,0,0,15,0,1,633,True
402,11,-1,0,0,10,0,1,745,True
402,12,1,0,0,5,0,1,722,True
402,13,-1,0,0,20,0,1,600,True
402,14,1,0,0,-20,0,0,789,True
402,15,-1,0,0,0,0,1,623,True
402,16,1,0,0,0,0,1,656,True
402,17,-1,0,0,5,0,1,746,True
402,18,1,0,0,15,0,1,644,True
402,19,-1,0,0,-20,0,0,666,True
402,20,1,0,0,5,0,1,733,True
402,21,-1,0,0,-10,0,0,533,True
402,22,1,0,0,-30,0,0,677,True
402,23,-1,0,0,15,0,1,611,True
402,24,1,0,0,20,0,1,1321,True
402,25,-1,0,0,20,0,1,644,True
402,26,1,0,0,-5,0,0,611,True
402,27,-1,0,0,0,0,1,733,True
402,28,1,0,0,-10,0,0,733,True
402,29,-1,0,0,5,0,1,622,True
402,30,1,0,0,20,0,1,521,True
402,31,-1,0,0,20,0,1,588,True
402,32,1,0,0,-20,0,0,833,True
402,33,-1,0,0,-20,0,0,533,True
402,34,1,0,0,10,0,1,599,True
402,35,-1,0,0,-10,0,0,866,True
402,36,1,0,0,-15,0,0,654,True
402,37,-1,0,0,15,0,1,656,True
402,38,1,0,0,-30,0,0,656,True
402,39,-1,0,0,-30,0,0,533,True
402,40,1,0,0,10,0,1,533,True
402,41,-1,0,0,-15,0,0,600,True
402,42,1,0,0,10,0,1,543,True
402,43,-1,0,0,-5,0,1,665,True
402,44,1,0,0,5,0,1,489,True
402,45,-1,0,0,-5,0,1,589,True
402,46,1,0,0,0,0,1,633,True
402,47,-1,0,0,30,0,1,510,True
402,48,1,0,0,30,0,1,488,True
402,49,-1,0,0,0,0,0,566,True
402,50,1,0,0,-10,0,0,522,True
402,51,-1,0,0,30,0,1,666,True
402,52,1,0,0,-15,0,0,544,True
402,53,-1,0,0,-5,0,0,566,True
402,54,1,0,0,0,0,1,633,True
402,55,-1,0,0,-30,0,0,511,True
402,56,1,0,0,-5,0,0,754,True
402,57,-1,0,0,30,0,1,522,True
402,58,1,0,0,-20,0,0,732,True
402,59,-1,0,0,-30,0,0,455,True
402,60,1,0,0,30,0,1,578,True
402,61,-1,0,0,-15,0,0,556,True
402,62,1,0,0,15,0,1,500,True
402,63,-1,0,0,-20,0,0,465,True
402,64,1,0,0,-15,0,0,733,True
402,65,-1,0,0,-15,0,0,566,True
402,66,1,0,0,30,0,1,555,True
402,67,-1,0,0,15,0,1,522,True
402,68,1,0,0,20,0,1,500,True
402,69,-1,0,0,10,0,1,489,True
403,4,1,0,0,5,0,0,2576,True
403,5,-1,0,0,0,0,1,2509,True
403,6,1,0,0,-10,0,0,2144,True
403,7,-1,0,0,-15,0,0,2165,True
403,8,1,0,0,-15,0,0,2256,True
403,9,-1,0,0,-20,0,0,2344,True
403,10,1,0,0,15,0,1,1888,True
403,11,-1,0,0,0,0,0,1632,True
403,12,1,0,0,5,0,1,4531,True
403,13,-1,0,0,20,0,1,2732,True
403,14,1,0,0,-20,0,0,2176,True
403,15,-1,0,0,10,0,1,2066,True
403,16,1,0,0,15,0,1,1721,True
403,17,-1,0,0,30,0,1,1854,True
403,18,1,0,0,-30,0,0,9406,True
403,19,-1,0,0,20,0,1,1887,True
403,20,1,0,0,-20,0,0,1655,True
403,21,-1,0,0,0,0,1,2465,True
403,22,1,0,0,-30,0,0,1966,True
403,23,-1,0,0,-5,0,1,1955,True
403,24,1,0,0,30,0,1,1799,True
403,25,-1,0,0,-10,0,0,3320,True
403,26,1,0,0,30,0,1,1632,True
403,27,-1,0,0,15,0,1,1856,True
403,28,1,0,0,-5,0,0,1945,True
403,29,-1,0,0,30,0,1,1965,True
403,30,1,0,0,0,0,0,7307,True
403,31,-1,0,0,5,0,1,3376,True
403,32,1,0,0,-10,0,0,1877,True
403,33,-1,0,0,15,0,1,1532,True
403,34,1,0,0,20,0,1,1754,True
403,35,-1,0,0,20,0,0,8662,True
403,36,1,0,0,15,0,1,1321,True
403,37,-1,0,0,15,0,1,1632,True
403,38,1,0,0,-5,0,0,1522,True
403,39,-1,0,0,30,0,1,1766,True
403,40,1,0,0,-30,0,0,1155,True
403,41,-1,0,0,-5,0,1,2010,True
403,42,1,0,0,10,0,0,3067,True
403,43,-1,0,0,-30,0,0,1410,True
403,44,1,0,0,10,0,1,1777,True
403,45,-1,0,0,10,0,1,1600,True
403,46,1,0,0,0,0,0,1588,True
403,47,-1,0,0,-20,0,0,1011,True
403,48,1,0,0,-20,0,0,1511,True
403,49,-1,0,0,-10,0,0,3577,True
403,50,1,0,0,20,0,1,1255,True
403,51,-1,0,0,-10,0,0,1433,True
403,52,1,0,0,20,0,1,1178,True
403,53,-1,0,0,5,0,0,1588,True
403,54,1,0,0,-5,0,0,2543,True
403,55,-1,0,0,10,0,1,1599,True
403,56,1,0,0,0,0,0,1811,True
403,57,-1,0,0,-15,0,0,1355,True
403,58,1,0,0,10,0,1,1399,True
403,59,-1,0,0,-15,0,0,1344,True
403,60,1,0,0,30,0,1,1310,True
403,61,-1,0,0,-30,0,0,977,True
403,62,1,0,0,-15,0,0,7574,True
403,63,-1,0,0,5,0,1,2033,True
403,64,1,0,0,-15,0,0,1344,True
403,65,-1,0,0,-5,0,0,1021,True
403,66,1,0,0,-10,0,0,1265,True
403,67,-1,0,0,-30,0,0,1200,True
403,68,1,0,0,5,0,0,1576,True
403,69,-1,0,0,-20,0,0,1188,True
405,4,1,0,0,15,0,1,610,True
405,5,-1,0,0,30,0,1,811,True
405,6,1,0,0,20,0,1,543,True
405,7,-1,0,0,-5,0,0,644,True
405,8,1,0,0,-10,0,0,722,True
405,9,-1,0,0,20,0,1,766,True
405,10,1,0,0,-10,0,0,755,True
405,11,-1,0,0,-30,0,0,755,True
405,12,1,0,0,-5,0,0,766,True
405,13,-1,0,0,20,0,1,722,True
405,14,1,0,0,-20,0,0,900,True
405,15,-1,0,0,5,0,1,721,True
405,16,1,0,0,-15,0,0,754,True
405,17,-1,0,0,-15,0,0,721,True
405,18,1,0,0,5,0,1,566,True
405,19,-1,0,0,-10,0,0,655,True
405,20,1,0,0,-15,0,0,733,True
405,21,-1,0,0,-10,0,0,467,True
405,22,1,0,0,5,0,1,533,True
405,23,-1,0,0,-5,0,0,532,True
405,24,1,0,0,30,0,1,523,True
405,25,-1,0,0,30,0,1,922,True
405,26,1,0,0,20,0,1,511,True
405,27,-1,0,0,30,0,1,755,True
405,28,1,0,0,-30,0,0,889,True
405,29,-1,0,0,0,0,0,711,True
405,30,1,0,0,0,0,0,756,True
405,31,-1,0,0,-20,0,0,497,True
405,32,1,0,0,-5,0,0,688,True
405,33,-1,0,0,10,0,1,666,True
405,34,1,0,0,15,0,1,633,True
405,35,-1,0,0,15,0,1,855,True
405,36,1,0,0,20,0,1,655,True
405,37,-1,0,0,-20,0,0,610,True
405,38,1,0,0,-30,0,0,700,True
405,39,-1,0,0,10,0,1,710,True
405,40,1,0,0,-15,0,0,733,True
405,41,-1,0,0,-30,0,0,799,True
405,42,1,0,0,-30,0,0,721,True
405,43,-1,0,0,10,0,1,755,True
405,44,1,0,0,30,0,1,667,True
405,45,-1,0,0,5,0,1,577,True
405,46,1,0,0,0,0,1,799,True
405,47,-1,0,0,0,0,1,844,True
405,48,1,0,0,30,0,1,600,True
405,49,-1,0,0,15,0,1,800,True
405,50,1,0,0,15,0,1,599,True
405,51,-1,0,0,-20,0,0,533,True
405,52,1,0,0,10,0,1,566,True
405,53,-1,0,0,-10,0,0,388,True
405,54,1,0,0,10,0,1,544,True
405,55,-1,0,0,-15,0,0,477,True
405,56,1,0,0,5,0,1,511,True
405,57,-1,0,0,-15,0,0,522,True
405,58,1,0,0,0,0,1,544,True
405,59,-1,0,0,5,0,1,699,True
405,60,1,0,0,-20,0,0,700,True
405,61,-1,0,0,-30,0,0,588,True
405,62,1,0,0,-20,0,0,689,True
405,63,-1,0,0,20,0,1,944,True
405,64,1,0,0,-10,0,0,1333,True
405,65,-1,0,0,15,0,1,722,True
405,66,1,0,0,10,0,1,622,True
405,67,-1,0,0,-5,0,0,700,True
405,68,1,0,0,-5,0,1,832,True
405,69,-1,0,0,0,0,0,511,True
406,4,1,0,0,20,0,1,1577,True
406,5,-1,0,0,30,0,1,1333,True
406,6,1,0,0,10,0,0,1634,True
406,7,-1,0,0,-5,0,1,3009,True
406,8,1,0,0,30,0,1,1099,True
406,9,-1,0,0,0,0,0,1000,True
406,10,1,0,0,30,0,1,1000,True
406,11,-1,0,0,20,0,1,1121,True
406,12,1,0,0,0,0,0,1855,True
406,13,-1,0,0,-20,0,0,1021,True
406,14,1,0,0,5,0,1,1611,True
406,15,-1,0,0,-15,0,0,1266,True
406,16,1,0,0,-5,0,0,910,True
406,17,-1,0,0,0,0,0,2010,True
406,18,1,0,0,-20,0,0,821,True
406,19,-1,0,0,10,0,1,1399,True
406,20,1,0,0,5,0,0,1366,True
406,21,-1,0,0,20,0,1,1232,True
406,22,1,0,0,-30,0,0,1176,True
406,23,-1,0,0,-10,0,0,1178,True
406,24,1,0,0,-20,0,0,1111,True
406,25,-1,0,0,5,0,1,1266,True
406,26,1,0,0,-15,0,0,855,True
406,27,-1,0,0,15,0,1,1010,True
406,28,1,0,0,15,0,1,1089,True
406,29,-1,0,0,15,0,1,811,True
406,30,1,0,0,-5,0,0,1322,True
406,31,-1,0,0,10,0,1,1188,True
406,32,1,0,0,0,0,0,1133,True
406,33,-1,0,0,-30,0,0,1489,True
406,34,1,0,0,-20,0,0,1001,True
406,35,-1,0,0,15,0,1,1078,True
406,36,1,0,0,15,0,1,1133,True
406,37,-1,0,0,-30,0,0,988,True
406,38,1,0,0,10,0,1,1021,True
406,39,-1,0,0,-15,0,0,967,True
406,40,1,0,0,5,0,1,1200,True
406,41,-1,0,0,-10,0,0,1765,True
406,42,1,0,0,-30,0,0,1166,True
406,43,-1,0,0,-5,0,1,1433,True
406,44,1,0,0,10,0,1,988,True
406,45,-1,0,0,30,0,1,1344,True
406,46,1,0,0,30,0,1,1266,True
406,47,-1,0,0,10,0,1,1111,True
406,48,1,0,0,-10,0,0,4019,True
406,49,-1,0,0,0,0,1,1510,True
406,50,1,0,0,-10,0,0,1910,True
406,51,-1,0,0,-10,0,0,1610,True
406,52,1,0,0,20,0,1,1099,True
406,53,-1,0,0,5,0,1,2032,True
406,54,1,0,0,-5,0,0,1766,True
406,55,-1,0,0,20,0,1,1767,True
406,56,1,0,0,-15,0,0,1411,True
406,57,-1,0,0,-5,0,1,1966,True
406,58,1,0,0,-30,0,0,1500,True
406,59,-1,0,0,-20,0,0,1444,True
406,60,1,0,0,-15,0,0,944,True
406,61,-1,0,0,30,0,1,2910,True
406,62,1,0,0,20,0,1,1266,True
406,63,-1,0,0,-15,0,0,1444,True
406,64,1,0,0,0,0,1,1589,True
406,65,-1,0,0,-20,0,0,1733,True
406,66,1,0,0,15,0,1,2354,True
406,67,-1,0,0,-30,0,0,1176,True
406,68,1,0,0,-10,0,1,1266,True
406,69,-1,0,0,5,0,1,1188,True
408,4,1,0,0,-30,0,0,1477,True
408,5,-1,0,0,15,0,1,1610,True
408,6,1,0,0,10,0,1,1588,True
408,7,-1,0,0,-30,0,0,1055,True
408,8,1,0,0,15,0,1,1499,True
408,9,-1,0,0,0,0,0,2999,True
408,10,1,0,0,30,0,1,1644,True
408,11,-1,0,0,5,0,0,2576,True
408,12,1,0,0,-5,0,0,5764,True
408,13,-1,0,0,0,0,0,5652,True
408,14,1,0,0,-15,0,1,3941,True
408,15,-1,0,0,20,0,1,1333,True
408,16,1,0,0,-30,0,0,845,True
408,17,-1,0,0,-20,0,0,1089,True
408,18,1,0,0,10,0,1,944,True
408,19,-1,0,0,-30,0,0,1732,True
408,20,1,0,0,20,0,1,1010,True
408,21,-1,0,0,-5,0,0,1343,True
408,22,1,0,0,30,0,1,1110,True
408,23,-1,0,0,-30,0,0,955,True
408,24,1,0,0,-20,0,0,1922,True
408,25,-1,0,0,30,0,1,900,True
408,26,1,0,0,-10,0,1,766,True
408,27,-1,0,0,-10,0,1,978,True
408,28,1,0,0,-30,0,0,977,True
408,29,-1,0,0,-15,0,0,3565,True
408,30,1,0,0,-20,0,0,710,True
408,31,-1,0,0,-5,0,1,754,True
408,32,1,0,0,10,0,1,789,True
408,33,-1,0,0,20,0,1,1100,True
408,34,1,0,0,-15,0,1,799,True
408,35,-1,0,0,30,0,1,1721,True
408,36,1,0,0,-15,0,1,2943,True
408,37,-1,0,0,10,0,1,856,True
408,38,1,0,0,5,0,1,722,True
408,39,-1,0,0,-10,0,0,789,True
408,40,1,0,0,15,0,1,1089,True
408,41,-1,0,0,30,0,1,2620,True
408,42,1,0,0,-5,0,0,5452,True
408,43,-1,0,0,10,0,1,1355,True
408,44,1,0,0,-5,0,0,5941,True
408,45,-1,0,0,-10,0,0,4165,True
408,46,1,0,0,5,0,1,1410,True
408,47,-1,0,0,5,0,1,1011,True
408,48,1,0,0,5,0,1,877,True
408,49,-1,0,0,15,0,1,922,True
408,50,1,0,0,-10,0,0,1089,True
408,51,-1,0,0,15,0,1,1945,True
408,52,1,0,0,-20,0,0,866,True
408,53,-1,0,0,-5,0,1,832,True
408,54,1,0,0,20,0,1,1133,True
408,55,-1,0,0,0,0,0,2766,True
408,56,1,0,0,0,0,1,1332,True
408,57,-1,0,0,10,0,1,999,True
408,58,1,0,0,20,0,1,988,True
408,59,-1,0,0,20,0,1,1854,True
408,60,1,0,0,30,0,1,1065,True
408,61,-1,0,0,-20,0,0,756,True
408,62,1,0,0,0,0,1,1155,True
408,63,-1,0,0,5,0,0,810,True
408,64,1,0,0,0,0,1,1377,True
408,65,-1,0,0,-20,0,0,789,True
408,66,1,0,0,15,0,1,856,True
408,67,-1,0,0,-15,0,0,2610,True
408,68,1,0,0,-10,0,0,3421,True
408,69,-1,0,0,-15,0,0,822,True
409,4,1,0,0,0,0,1,689,True
409,5,-1,0,0,-15,0,0,577,True
409,6,1,0,0,5,0,1,622,True
409,7,-1,0,0,-20,0,0,800,True
409,8,1,0,0,-15,0,0,688,True
409,9,-1,0,0,0,0,1,710,True
409,10,1,0,0,-15,0,0,732,True
409,11,-1,0,0,20,0,1,632,True
409,12,1,0,0,-15,0,0,566,True
409,13,-1,0,0,0,0,1,1334,True
409,14,1,0,0,30,0,1,678,True
409,15,-1,0,0,5,0,1,678,True
409,16,1,0,0,15,0,1,710,True
409,17,-1,0,0,20,0,1,744,True
409,18,1,0,0,-20,0,0,789,True
409,19,-1,0,0,-5,0,0,710,True
409,20,1,0,0,-30,0,0,722,True
409,21,-1,0,0,-10,0,0,1433,True
409,22,1,0,0,-10,0,0,711,True
409,23,-1,0,0,-20,0,0,710,True
409,24,1,0,0,5,0,1,588,True
409,25,-1,0,0,-5,0,0,733,True
409,26,1,0,0,20,0,1,655,True
409,27,-1,0,0,10,0,1,767,True
409,28,1,0,0,20,0,1,566,True
409,29,-1,0,0,-30,0,0,600,True
409,30,1,0,0,10,0,1,756,True
409,31,-1,0,0,10,0,1,744,True
409,32,1,0,0,0,0,0,810,True
409,33,-1,0,0,30,0,1,733,True
409,34,1,0,0,5,0,0,734,True
409,35,-1,0,0,-10,0,0,700,True
409,36,1,0,0,15,0,1,721,True
409,37,-1,0,0,-30,0,0,633,True
409,38,1,0,0,0,0,1,522,True
409,39,-1,0,0,-20,0,0,599,True
409,40,1,0,0,30,0,1,577,True
409,41,-1,0,0,15,0,1,700,True
409,42,1,0,0,15,0,1,512,True
409,43,-1,0,0,30,0,1,1344,True
409,44,1,0,0,-30,0,0,688,True
409,45,-1,0,0,30,0,1,700,True
409,46,1,0,0,-5,0,1,722,True
409,47,-1,0,0,10,0,1,699,True
409,48,1,0,0,-30,0,0,744,True
409,49,-1,0,0,-10,0,1,755,True
409,50,1,0,0,-10,0,0,622,True
409,51,-1,0,0,20,0,1,711,True
409,52,1,0,0,-5,0,1,589,True
409,53,-1,0,0,15,0,1,622,True
409,54,1,0,0,10,0,1,678,True
409,55,-1,0,0,5,0,1,655,True
409,56,1,0,0,-20,0,0,733,True
409,57,-1,0,0,-30,0,0,855,True
409,58,1,0,0,-5,0,0,666,True
409,59,-1,0,0,5,0,1,678,True
409,60,1,0,0,10,0,1,544,True
409,61,-1,0,0,-15,0,0,733,True
409,62,1,0,0,30,0,1,656,True
409,63,-1,0,0,15,0,0,677,True
409,64,1,0,0,-20,0,0,1310,True
409,65,-1,0,0,-15,0,0,634,True
409,66,1,0,0,-10,0,0,733,True
409,67,-1,0,0,0,0,1,788,True
409,68,1,0,0,20,0,1,611,True
409,69,-1,0,0,-5,0,1,666,True
410,4,1,0,0,0,0,1,1644,True
410,5,-1,0,0,15,0,1,444,True
410,6,1,0,0,-30,0,0,811,True
410,7,-1,0,0,-10,0,0,588,True
410,8,1,0,0,-5,0,0,533,True
410,9,-1,0,0,-30,0,0,489,True
410,10,1,0,0,-15,0,0,422,True
410,11,-1,0,0,15,0,1,577,True
410,12,1,0,0,-30,0,0,655,True
410,13,-1,0,0,-30,0,0,611,True
410,14,1,0,0,-15,0,0,1199,True
410,15,-1,0,0,-15,0,0,534,True
410,16,1,0,0,20,0,1,545,True
410,17,-1,0,0,0,0,0,1478,True
410,18,1,0,0,15,0,1,433,True
410,19,-1,0,0,-20,0,0,588,True
410,20,1,0,0,20,0,1,565,True
410,21,-1,0,0,-5,0,0,577,True
410,22,1,0,0,20,0,1,1255,True
410,23,-1,0,0,5,0,1,1166,True
410,24,1,0,0,-15,0,0,588,True
410,25,-1,0,0,10,0,1,589,True
410,26,1,0,0,10,0,1,456,True
410,27,-1,0,0,-5,0,0,488,True
410,28,1,0,0,10,0,1,510,True
410,29,-1,0,0,30,0,1,644,True
410,30,1,0,0,-20,0,0,567,True
410,31,-1,0,0,-10,0,0,534,True
410,32,1,0,0,0,0,1,445,True
410,33,-1,0,0,15,0,1,489,True
410,34,1,0,0,-5,0,1,411,True
410,35,-1,0,0,0,0,0,777,True
410,36,1,0,0,-10,0,0,444,True
410,37,-1,0,0,10,0,1,511,True
410,38,1,0,0,15,0,1,598,True
410,39,-1,0,0,-15,0,0,544,True
410,40,1,0,0,-5,0,1,490,True
410,41,-1,0,0,-30,0,0,555,True
410,42,1,0,0,0,0,1,756,True
410,43,-1,0,0,20,0,1,577,True
410,44,1,0,0,-10,0,0,633,True
410,45,-1,0,0,0,0,0,488,True
410,46,1,0,0,15,0,1,421,True
410,47,-1,0,0,-20,0,0,510,True
410,48,1,0,0,5,0,1,533,True
410,49,-1,0,0,20,0,1,988,True
410,50,1,0,0,30,0,1,622,True
410,51,-1,0,0,5,0,1,1112,True
410,52,1,0,0,-20,0,0,2010,True
410,53,-1,0,0,-20,0,0,421,True
410,54,1,0,0,-30,0,0,833,True
410,55,-1,0,0,10,0,1,1754,True
410,56,1,0,0,-10,0,0,812,True
410,57,-1,0,0,30,0,1,510,True
410,58,1,0,0,5,0,1,533,True
410,59,-1,0,0,30,0,1,466,True
410,60,1,0,0,-20,0,0,478,True
410,61,-1,0,0,-10,0,0,388,True
410,62,1,0,0,5,0,1,533,True
410,63,-1,0,0,-5,0,0,367,True
410,64,1,0,0,10,0,1,610,True
410,65,-1,0,0,-15,0,0,467,True
410,66,1,0,0,30,0,1,566,True
410,67,-1,0,0,5,0,0,433,True
410,68,1,0,0,30,0,1,878,True
410,69,-1,0,0,20,0,1,555,True
411,4,1,0,0,-10,0,1,699,True
411,5,-1,0,0,30,0,1,778,True
411,6,1,0,0,15,0,0,833,True
411,7,-1,0,0,30,0,1,700,True
411,8,1,0,0,30,0,1,599,True
411,9,-1,0,0,-15,0,0,666,True
411,10,1,0,0,5,0,1,800,True
411,11,-1,0,0,-20,0,0,755,True
411,12,1,0,0,-15,0,0,822,True
411,13,-1,0,0,10,0,1,655,True
411,14,1,0,0,30,0,1,533,True
411,15,-1,0,0,-5,0,0,633,True
411,16,1,0,0,-30,0,0,722,True
411,17,-1,0,0,10,0,1,588,True
411,18,1,0,0,-5,0,0,778,True
411,19,-1,0,0,-20,0,0,644,True
411,20,1,0,0,-5,0,0,766,True
411,21,-1,0,0,15,0,1,966,True
411,22,1,0,0,-20,0,0,678,True
411,23,-1,0,0,-20,0,0,699,True
411,24,1,0,0,10,0,1,589,True
411,25,-1,0,0,-30,0,0,633,True
411,26,1,0,0,10,0,1,733,True
411,27,-1,0,0,20,0,1,932,True
411,28,1,0,0,-10,0,0,666,True
411,29,-1,0,0,-5,0,0,645,True
411,30,1,0,0,10,0,1,644,True
411,31,-1,0,0,5,0,1,767,True
411,32,1,0,0,15,0,1,533,True
411,33,-1,0,0,-10,0,0,534,True
411,34,1,0,0,20,0,1,600,True
411,35,-1,0,0,-30,0,0,700,True
411,36,1,0,0,30,0,1,656,True
411,37,-1,0,0,20,0,1,723,True
411,38,1,0,0,0,0,1,622,True
411,39,-1,0,0,-10,0,0,678,True
411,40,1,0,0,5,0,1,589,True
411,41,-1,0,0,20,0,1,722,True
411,42,1,0,0,-20,0,0,778,True
411,43,-1,0,0,-5,0,1,666,True
411,44,1,0,0,-15,0,0,578,True
411,45,-1,0,0,-10,0,0,546,True
411,46,1,0,0,-20,0,0,522,True
411,47,-1,0,0,10,0,1,655,True
411,48,1,0,0,20,0,1,599,True
411,49,-1,0,0,0,0,0,600,True
411,50,1,0,0,-30,0,0,544,True
411,51,-1,0,0,15,0,1,700,True
411,52,1,0,0,0,0,1,677,True
411,53,-1,0,0,30,0,1,744,True
411,54,1,0,0,5,0,1,655,True
411,55,-1,0,0,5,0,1,576,True
411,56,1,0,0,0,0,1,567,True
411,57,-1,0,0,5,0,0,555,True
411,58,1,0,0,15,0,1,489,True
411,59,-1,0,0,-30,0,0,489,True
411,60,1,0,0,-30,0,0,566,True
411,61,-1,0,0,15,0,1,588,True
411,62,1,0,0,-15,0,0,611,True
411,63,-1,0,0,0,0,0,600,True
411,64,1,0,0,-10,0,0,688,True
411,65,-1,0,0,-15,0,0,622,True
411,66,1,0,0,20,0,1,701,True
411,67,-1,0,0,0,0,0,521,True
411,68,1,0,0,-5,0,0,644,True
411,69,-1,0,0,-15,0,0,522,True
412,4,1,0,0,-20,0,0,899,True
412,5,-1,0,0,15,0,1,689,True
412,6,1,0,0,5,0,1,589,True
412,7,-1,0,0,-20,0,0,1333,True
412,8,1,0,0,10,0,1,855,True
412,9,-1,0,0,-30,0,0,823,True
412,10,1,0,0,-30,0,0,1110,True
412,11,-1,0,0,-10,0,0,1244,True
412,12,1,0,0,30,0,1,589,True
412,13,-1,0,0,0,0,1,711,True
412,14,1,0,0,30,0,1,567,True
412,15,-1,0,0,5,0,1,778,True
412,16,1,0,0,-5,0,1,1188,True
412,17,-1,0,0,30,0,1,888,True
412,18,1,0,0,0,0,1,945,True
412,19,-1,0,0,15,0,1,944,True
412,20,1,0,0,15,0,1,1300,True
412,21,-1,0,0,-15,0,0,732,True
412,22,1,0,0,0,0,1,943,True
412,23,-1,0,0,30,0,1,644,True
412,24,1,0,0,-5,0,1,767,True
412,25,-1,0,0,-15,0,0,1254,True
412,26,1,0,0,5,0,1,1511,True
412,27,-1,0,0,-20,0,0,1078,True
412,28,1,0,0,-20,0,0,1055,True
412,29,-1,0,0,20,0,1,1354,True
412,30,1,0,0,5,0,1,655,True
412,31,-1,0,0,-5,0,1,1433,True
412,32,1,0,0,-15,0,0,1100,True
412,33,-1,0,0,-30,0,0,689,True
412,34,1,0,0,20,0,1,588,True
412,35,-1,0,0,5,0,1,1155,True
412,36,1,0,0,15,0,1,611,True
412,37,-1,0,0,-10,0,0,655,True
412,38,1,0,0,-15,0,0,889,True
412,39,-1,0,0,10,0,1,999,True
412,40,1,0,0,-10,0,1,710,True
412,41,-1,0,0,5,0,1,822,True
412,42,1,0,0,-10,0,0,679,True
412,43,-1,0,0,-5,0,0,522,True
412,44,1,0,0,20,0,1,855,True
412,45,-1,0,0,20,0,1,1722,True
412,46,1,0,0,30,0,1,1022,True
412,47,-1,0,0,0,0,0,1556,True
412,48,1,0,0,-10,0,0,1122,True
412,49,-1,0,0,10,0,1,933,True
412,50,1,0,0,15,0,1,766,True
412,51,-1,0,0,30,0,1,1099,True
412,52,1,0,0,-20,0,0,1045,True
412,53,-1,0,0,-30,0,0,910,True
412,54,1,0,0,10,0,1,887,True
412,55,-1,0,0,0,0,0,447,True
412,56,1,0,0,0,0,0,1195,True
412,57,-1,0,0,15,0,1,700,True
412,58,1,0,0,-30,0,0,711,True
412,59,-1,0,0,-20,0,0,534,True
412,60,1,0,0,10,0,1,534,True
412,61,-1,0,0,-15,0,0,634,True
412,62,1,0,0,-5,0,0,634,True
412,63,-1,0,0,-5,0,0,567,True
412,64,1,0,0,-30,0,0,622,True
412,65,-1,0,0,-10,0,0,501,True
412,66,1,0,0,-15,0,0,689,True
412,67,-1,0,0,10,0,1,666,True
412,68,1,0,0,20,0,1,533,True
412,69,-1,0,0,20,0,1,622,True
413,4,1,0,0,5,0,1,589,True
413,5,-1,0,0,-30,0,0,578,True
413,6,1,0,0,-20,0,0,577,True
413,7,-1,0,0,-5,0,1,855,True
413,8,1,0,0,-20,0,0,965,True
413,9,-1,0,0,0,0,1,911,True
413,10,1,0,0,-30,0,0,688,True
413,11,-1,0,0,15,0,1,523,True
413,12,1,0,0,20,0,1,723,True
413,13,-1,0,0,-5,0,0,678,True
413,14,1,0,0,-15,0,0,588,True
413,15,-1,0,0,30,0,1,466,True
413,16,1,0,0,20,0,1,566,True
413,17,-1,0,0,-20,0,0,521,True
413,18,1,0,0,0,0,1,489,True
413,19,-1,0,0,10,0,1,483,True
413,20,1,0,0,0,0,0,688,True
413,21,-1,0,0,-15,0,0,512,True
413,22,1,0,0,30,0,1,578,True
413,23,-1,0,0,30,0,1,700,True
413,24,1,0,0,-20,0,0,545,True
413,25,-1,0,0,30,0,1,578,True
413,26,1,0,0,5,0,1,678,True
413,27,-1,0,0,10,0,1,1055,True
413,28,1,0,0,10,0,1,689,True
413,29,-1,0,0,5,0,0,544,True
413,30,1,0,0,-10,0,0,465,True
413,31,-1,0,0,15,0,1,732,True
413,32,1,0,0,-5,0,0,522,True
413,33,-1,0,0,5,0,1,511,True
413,34,1,0,0,-15,0,0,500,True
413,35,-1,0,0,10,0,1,933,True
413,36,1,0,0,-15,0,0,700,True
413,37,-1,0,0,0,0,1,655,True
413,38,1,0,0,-30,0,0,545,True
413,39,-1,0,0,-15,0,0,600,True
413,40,1,0,0,15,0,1,612,True
413,41,-1,0,0,-10,0,0,656,True
413,42,1,0,0,-10,0,1,478,True
413,43,-1,0,0,-10,0,0,566,True
413,44,1,0,0,30,0,1,533,True
413,45,-1,0,0,5,0,1,455,True
413,46,1,0,0,5,0,0,699,True
413,47,-1,0,0,-15,0,0,755,True
413,48,1,0,0,30,0,1,677,True
413,49,-1,0,0,-20,0,0,510,True
413,50,1,0,0,15,0,1,700,True
413,51,-1,0,0,-20,0,0,633,True
413,52,1,0,0,-5,0,0,655,True
413,53,-1,0,0,-5,0,0,901,True
413,54,1,0,0,15,0,1,677,True
413,55,-1,0,0,-30,0,0,678,True
413,56,1,0,0,0,0,0,644,True
413,57,-1,0,0,0,0,0,611,True
413,58,1,0,0,-5,0,1,510,True
413,59,-1,0,0,20,0,1,611,True
413,60,1,0,0,10,0,1,667,True
413,61,-1,0,0,-10,0,0,522,True
413,62,1,0,0,20,0,1,655,True
413,63,-1,0,0,20,0,1,811,True
413,64,1,0,0,-10,0,0,534,True
413,65,-1,0,0,15,0,1,599,True
413,66,1,0,0,-30,0,0,666,True
413,67,-1,0,0,-30,0,0,667,True
413,68,1,0,0,10,0,1,633,True
413,69,-1,0,0,20,0,1,700,True
414,4,1,0,0,-20,0,0,822,True
414,5,-1,0,0,20,0,1,733,True
414,6,1,0,0,0,0,1,589,True
414,7,-1,0,0,-30,0,0,577,True
414,8,1,0,0,-30,0,0,1000,True
414,9,-1,0,0,-10,0,1,600,True
414,10,1,0,0,10,0,1,544,True
414,11,-1,0,0,-30,0,0,500,True
414,12,1,0,0,-30,0,0,1254,True
414,13,-1,0,0,-5,0,1,611,True
414,14,1,0,0,30,0,1,554,True
414,15,-1,0,0,5,0,1,677,True
414,16,1,0,0,-5,0,1,522,True
414,17,-1,0,0,-20,0,0,555,True
414,18,1,0,0,-5,0,1,488,True
414,19,-1,0,0,0,0,1,644,True
414,20,1,0,0,-10,0,0,543,True
414,21,-1,0,0,-15,0,0,566,True
414,22,1,0,0,-15,0,0,989,True
414,23,-1,0,0,0,0,0,645,True
414,24,1,0,0,5,0,1,511,True
414,25,-1,0,0,-10,0,0,533,True
414,26,1,0,0,30,0,1,566,True
414,27,-1,0,0,-15,0,0,523,True
414,28,1,0,0,5,0,1,555,True
414,29,-1,0,0,-10,0,0,456,True
414,30,1,0,0,0,0,1,489,True
414,31,-1,0,0,-15,0,0,500,True
414,32,1,0,0,0,0,1,644,True
414,33,-1,0,0,5,0,1,722,True
414,34,1,0,0,-5,0,0,644,True
414,35,-1,0,0,10,0,1,734,True
414,36,1,0,0,-15,0,0,733,True
414,37,-1,0,0,20,0,1,711,True
414,38,1,0,0,30,0,1,566,True
414,39,-1,0,0,30,0,1,1466,True
414,40,1,0,0,-20,0,0,522,True
414,41,-1,0,0,30,0,1,554,True
414,42,1,0,0,10,0,1,500,True
414,43,-1,0,0,15,0,1,578,True
414,44,1,0,0,-30,0,0,622,True
414,45,-1,0,0,10,0,1,588,True
414,46,1,0,0,5,0,1,488,True
414,47,-1,0,0,20,0,1,988,True
414,48,1,0,0,20,0,1,512,True
414,49,-1,0,0,30,0,1,1411,True
414,50,1,0,0,15,0,1,622,True
414,51,-1,0,0,-5,0,0,489,True
414,52,1,0,0,10,0,1,488,True
414,53,-1,0,0,-30,0,0,488,True
414,54,1,0,0,-10,0,1,633,True
414,55,-1,0,0,-20,0,0,566,True
414,56,1,0,0,-15,0,0,688,True
414,57,-1,0,0,-20,0,0,645,True
414,58,1,0,0,-20,0,0,688,True
414,59,-1,0,0,15,0,1,555,True
414,60,1,0,0,20,0,1,612,True
414,61,-1,0,0,15,0,1,577,True
414,62,1,0,0,15,0,1,600,True
414,63,-1,0,0,10,0,1,988,True
414,64,1,0,0,-10,0,0,833,True
414,65,-1,0,0,5,0,1,655,True
414,66,1,0,0,15,0,1,578,True
414,67,-1,0,0,-5,0,0,501,True
414,68,1,0,0,20,0,1,467,True
414,69,-1,0,0,0,0,1,733,True
415,4,1,0,0,-5,0,0,1078,True
415,5,-1,0,0,15,0,1,844,True
415,6,1,0,0,15,0,1,778,True
415,7,-1,0,0,20,0,1,922,True
415,8,1,0,0,-10,0,0,955,True
415,9,-1,0,0,10,0,1,877,True
415,10,1,0,0,-10,0,0,711,True
415,11,-1,0,0,-10,0,0,2187,True
415,12,1,0,0,-5,0,0,1000,True
415,13,-1,0,0,0,0,1,977,True
415,14,1,0,0,10,0,1,799,True
415,15,-1,0,0,-15,0,0,632,True
415,16,1,0,0,20,0,1,766,True
415,17,-1,0,0,10,0,1,800,True
415,18,1,0,0,5,0,1,834,True
415,19,-1,0,0,-30,0,0,657,True
415,20,1,0,0,-30,0,0,866,True
415,21,-1,0,0,-15,0,0,699,True
415,22,1,0,0,20,0,1,744,True
415,23,-1,0,0,20,0,1,788,True
415,24,1,0,0,-30,0,0,710,True
415,25,-1,0,0,0,0,1,1078,True
415,26,1,0,0,30,0,1,1610,True
415,27,-1,0,0,-20,0,0,799,True
415,28,1,0,0,10,0,1,667,True
415,29,-1,0,0,10,0,1,978,True
415,30,1,0,0,-30,0,0,1522,True
415,31,-1,0,0,-5,0,0,776,True
415,32,1,0,0,0,0,0,745,True
415,33,-1,0,0,5,0,1,777,True
415,34,1,0,0,10,0,1,777,True
415,35,-1,0,0,-10,0,0,833,True
415,36,1,0,0,0,0,0,1110,True
415,37,-1,0,0,15,0,1,812,True
415,38,1,0,0,-15,0,0,744,True
415,39,-1,0,0,30,0,1,710,True
415,40,1,0,0,-15,0,0,845,True
415,41,-1,0,0,30,0,1,822,True
415,42,1,0,0,5,0,1,977,True
415,43,-1,0,0,-30,0,0,789,True
415,44,1,0,0,-10,0,0,798,True
415,45,-1,0,0,5,0,0,965,True
415,46,1,0,0,-5,0,0,1344,True
415,47,-1,0,0,-20,0,0,632,True
415,48,1,0,0,-20,0,0,633,True
415,49,-1,0,0,5,0,1,711,True
415,50,1,0,0,-20,0,0,667,True
415,51,-1,0,0,-20,0,0,745,True
415,52,1,0,0,30,0,1,810,True
415,53,-1,0,0,0,0,1,1744,True
415,54,1,0,0,5,0,1,910,True
415,55,-1,0,0,30,0,1,811,True
415,56,1,0,0,-15,0,0,855,True
415,57,-1,0,0,20,0,1,788,True
415,58,1,0,0,15,0,1,810,True
415,59,-1,0,0,-30,0,0,943,True
415,60,1,0,0,20,0,1,710,True
415,61,-1,0,0,-5,0,1,1077,True
415,62,1,0,0,0,0,1,1466,True
415,63,-1,0,0,-5,0,0,645,True
415,64,1,0,0,30,0,1,689,True
415,65,-1,0,0,15,0,1,799,True
415,66,1,0,0,15,0,1,644,True
415,67,-1,0,0,-10,0,0,644,True
415,68,1,0,0,-20,0,0,767,True
415,69,-1,0,0,-15,0,0,777,True
416,4,1,0,0,-20,0,1,765,True
416,5,-1,0,0,15,0,1,799,True
416,6,1,0,0,-15,0,0,1988,True
416,7,-1,0,0,10,0,1,811,True
416,8,1,0,0,-5,0,1,699,True
416,9,-1,0,0,-10,0,0,776,True
416,10,1,0,0,5,0,1,799,True
416,11,-1,0,0,-15,0,0,711,True
416,12,1,0,0,10,0,1,667,True
416,13,-1,0,0,-10,0,0,700,True
416,14,1,0,0,30,0,1,655,True
416,15,-1,0,0,-20,0,0,666,True
416,16,1,0,0,-15,0,0,888,True
416,17,-1,0,0,20,0,1,866,True
416,18,1,0,0,15,0,1,666,True
416,19,-1,0,0,5,0,1,966,True
416,20,1,0,0,5,0,1,744,True
416,21,-1,0,0,-15,0,0,867,True
416,22,1,0,0,0,0,1,877,True
416,23,-1,0,0,-15,0,0,610,True
416,24,1,0,0,0,0,1,589,True
416,25,-1,0,0,0,0,1,965,True
416,26,1,0,0,30,0,1,766,True
416,27,-1,0,0,0,0,1,767,True
416,28,1,0,0,-30,0,0,677,True
416,29,-1,0,0,-10,0,0,643,True
416,30,1,0,0,-30,0,0,655,True
416,31,-1,0,0,-20,0,0,544,True
416,32,1,0,0,10,0,1,744,True
416,33,-1,0,0,30,0,1,667,True
416,34,1,0,0,-20,0,0,821,True
416,35,-1,0,0,10,0,0,867,True
416,36,1,0,0,5,0,1,823,True
416,37,-1,0,0,-5,0,0,744,True
416,38,1,0,0,-20,0,0,823,True
416,39,-1,0,0,5,0,1,821,True
416,40,1,0,0,-15,0,0,866,True
416,41,-1,0,0,5,0,0,689,True
416,42,1,0,0,-10,0,0,888,True
416,43,-1,0,0,20,0,1,1266,True
416,44,1,0,0,-5,0,0,866,True
416,45,-1,0,0,-30,0,0,644,True
416,46,1,0,0,30,0,1,577,True
416,47,-1,0,0,20,0,1,667,True
416,48,1,0,0,15,0,1,656,True
416,49,-1,0,0,-20,0,0,588,True
416,50,1,0,0,20,0,1,566,True
416,51,-1,0,0,-30,0,0,622,True
416,52,1,0,0,0,0,1,612,True
416,53,-1,0,0,-30,0,0,677,True
416,54,1,0,0,15,0,1,612,True
416,55,-1,0,0,30,0,1,644,True
416,56,1,0,0,-10,0,1,600,True
416,57,-1,0,0,10,0,0,689,True
416,58,1,0,0,20,0,1,632,True
416,59,-1,0,0,15,0,1,655,True
416,60,1,0,0,-30,0,0,9884,True
416,61,-1,0,0,15,0,1,899,True
416,62,1,0,0,10,0,1,645,True
416,63,-1,0,0,0,0,0,588,True
416,64,1,0,0,-5,0,0,1132,True
416,65,-1,0,0,-5,0,0,577,True
416,66,1,0,0,20,0,1,877,True
416,67,-1,0,0,-5,0,0,632,True
416,68,1,0,0,-10,0,0,811,True
416,69,-1,0,0,30,0,1,999,True
417,4,1,0,0,-5,0,1,1310,True
417,5,-1,0,0,-10,0,0,989,True
417,6,1,0,0,5,0,1,989,True
417,7,-1,0,0,-15,0,1,1289,True
417,8,1,0,0,-15,0,0,1066,True
417,9,-1,0,0,-20,0,0,755,True
417,10,1,0,0,10,0,1,833,True
417,11,-1,0,0,-5,0,1,2066,True
417,12,1,0,0,30,0,1,844,True
417,13,-1,0,0,5,0,1,977,True
417,14,1,0,0,5,0,1,1044,True
417,15,-1,0,0,20,0,1,999,True
417,16,1,0,0,-5,0,0,1055,True
417,17,-1,0,0,-30,0,0,955,True
417,18,1,0,0,-20,0,0,988,True
417,19,-1,0,0,15,0,1,1133,True
417,20,1,0,0,20,0,1,666,True
417,21,-1,0,0,-15,0,1,1077,True
417,22,1,0,0,-15,0,1,955,True
417,23,-1,0,0,5,0,1,966,True
417,24,1,0,0,0,0,1,1055,True
417,25,-1,0,0,10,0,1,1055,True
417,26,1,0,0,-30,0,0,1156,True
417,27,-1,0,0,0,0,1,967,True
417,28,1,0,0,-20,0,0,1366,True
417,29,-1,0,0,15,0,1,1055,True
417,30,1,0,0,30,0,1,810,True
417,31,-1,0,0,-15,0,0,766,True
417,32,1,0,0,-20,0,0,867,True
417,33,-1,0,0,-30,0,0,689,True
417,34,1,0,0,10,0,1,721,True
417,35,-1,0,0,-5,0,1,1244,True
417,36,1,0,0,-10,0,1,1033,True
417,37,-1,0,0,-10,0,1,977,True
417,38,1,0,0,-10,0,1,766,True
417,39,-1,0,0,30,0,1,889,True
417,40,1,0,0,0,0,1,767,True
417,41,-1,0,0,15,0,1,1134,True
417,42,1,0,0,-30,0,0,1144,True
417,43,-1,0,0,-20,0,0,699,True
417,44,1,0,0,-15,0,1,867,True
417,45,-1,0,0,20,0,1,1277,True
417,46,1,0,0,20,0,1,777,True
417,47,-1,0,0,10,0,1,1211,True
417,48,1,0,0,15,0,1,1310,True
417,49,-1,0,0,-10,0,0,811,True
417,50,1,0,0,30,0,1,1610,True
417,51,-1,0,0,10,0,1,1121,True
417,52,1,0,0,-10,0,1,744,True
417,53,-1,0,0,0,0,1,977,True
417,54,1,0,0,-5,0,1,877,True
417,55,-1,0,0,0,0,1,955,True
417,56,1,0,0,10,0,1,755,True
417,57,-1,0,0,-5,0,1,1044,True
417,58,1,0,0,20,0,1,810,True
417,59,-1,0,0,30,0,1,855,True
417,60,1,0,0,0,0,1,888,True
417,61,-1,0,0,-20,0,0,1000,True
417,62,1,0,0,-30,0,0,1045,True
417,63,-1,0,0,30,0,1,1077,True
417,64,1,0,0,15,0,1,800,True
417,65,-1,0,0,20,0,1,1110,True
417,66,1,0,0,5,0,1,988,True
417,67,-1,0,0,-30,0,0,523,True
417,68,1,0,0,15,0,1,889,True
417,69,-1,0,0,5,0,1,921,True
418,4,1,0,0,15,0,1,1533,True
418,5,-1,0,0,30,0,1,2499,True
418,6,1,0,0,-10,0,1,2043,True
418,7,-1,0,0,20,0,1,3021,True
418,8,1,0,0,5,0,1,1755,True
418,9,-1,0,0,-30,0,0,1266,True
418,10,1,0,0,-15,0,0,1310,True
418,11,-1,0,0,5,0,1,1710,True
418,12,1,0,0,20,0,1,2544,True
418,13,-1,0,0,-15,0,0,1343,True
418,14,1,0,0,0,0,1,2576,True
418,15,-1,0,0,-20,0,0,2644,True
418,16,1,0,0,-30,0,0,1245,True
418,17,-1,0,0,-15,0,0,1211,True
418,18,1,0,0,-5,0,1,1644,True
418,19,-1,0,0,10,0,1,1122,True
418,20,1,0,0,-5,0,0,1256,True
418,21,-1,0,0,0,0,0,1055,True
418,22,1,0,0,0,0,1,2399,True
418,23,-1,0,0,-10,0,0,1765,True
418,24,1,0,0,-15,0,0,1266,True
418,25,-1,0,0,15,0,1,1055,True
418,26,1,0,0,5,0,1,1454,True
418,27,-1,0,0,20,0,1,2109,True
418,28,1,0,0,-10,0,0,1111,True
418,29,-1,0,0,30,0,1,988,True
418,30,1,0,0,30,0,1,2054,True
418,31,-1,0,0,-20,0,0,1010,True
418,32,1,0,0,-30,0,0,1177,True
418,33,-1,0,0,-15,0,0,1154,True
418,34,1,0,0,10,0,1,2110,True
418,35,-1,0,0,15,0,1,1743,True
418,36,1,0,0,-20,0,0,1132,True
418,37,-1,0,0,5,0,1,2466,True
418,38,1,0,0,15,0,1,2566,True
418,39,-1,0,0,0,0,0,1200,True
418,40,1,0,0,15,0,1,2555,True
418,41,-1,0,0,5,0,0,1022,True
418,42,1,0,0,20,0,1,1355,True
418,43,-1,0,0,-10,0,0,945,True
418,44,1,0,0,-20,0,0,2743,True
418,45,-1,0,0,30,0,1,1077,True
418,46,1,0,0,30,0,1,2233,True
418,47,-1,0,0,-5,0,0,1311,True
418,48,1,0,0,10,0,1,2910,True
418,49,-1,0,0,-10,0,0,2033,True
418,50,1,0,0,-5,0,0,899,True
418,51,-1,0,0,-30,0,0,844,True
418,52,1,0,0,0,0,1,13905,True
418,53,-1,0,0,-30,0,0,1400,True
418,54,1,0,0,-20,0,0,999,True
418,55,-1,0,0,10,0,1,1134,True
418,56,1,0,0,-30,0,0,1021,True
418,57,-1,0,0,20,0,1,2155,True
418,58,1,0,0,20,0,1,1366,True
418,59,-1,0,0,0,0,1,822,True
418,60,1,0,0,-15,0,0,1088,True
418,61,-1,0,0,-5,0,0,2232,True
418,62,1,0,0,10,0,1,2000,True
418,63,-1,0,0,-5,0,0,1366,True
418,64,1,0,0,30,0,1,1188,True
418,65,-1,0,0,-20,0,0,1177,True
418,66,1,0,0,5,0,1,2154,True
418,67,-1,0,0,15,0,1,1044,True
418,68,1,0,0,-10,0,1,2144,True
418,69,-1,0,0,10,0,1,1055,True
419,4,1,0,0,20,0,1,678,True
419,5,-1,0,0,5,0,1,799,True
419,6,1,0,0,10,0,1,877,True
419,7,-1,0,0,10,0,1,777,True
419,8,1,0,0,5,0,1,877,True
419,9,-1,0,0,0,0,1,610,True
419,10,1,0,0,-5,0,1,733,True
419,11,-1,0,0,-20,0,0,1855,True
419,12,1,0,0,-10,0,1,754,True
419,13,-1,0,0,-15,0,0,834,True
419,14,1,0,0,-10,0,1,667,True
419,15,-1,0,0,0,0,1,711,True
419,16,1,0,0,-10,0,1,689,True
419,17,-1,0,0,20,0,1,610,True
419,18,1,0,0,-30,0,0,1454,True
419,19,-1,0,0,-30,0,0,1577,True
419,20,1,0,0,-30,0,0,966,True
419,21,-1,0,0,-5,0,1,656,True
419,22,1,0,0,5,0,1,688,True
419,23,-1,0,0,-30,0,0,832,True
419,24,1,0,0,30,0,1,689,True
419,25,-1,0,0,0,0,1,778,True
419,26,1,0,0,0,0,1,565,True
419,27,-1,0,0,30,0,1,733,True
419,28,1,0,0,-15,0,0,554,True
419,29,-1,0,0,30,0,1,633,True
419,30,1,0,0,-5,0,1,555,True
419,31,-1,0,0,-5,0,0,666,True
419,32,1,0,0,30,0,1,655,True
419,33,-1,0,0,-30,0,0,854,True
419,34,1,0,0,-5,0,1,600,True
419,35,-1,0,0,15,0,1,1377,True
419,36,1,0,0,0,0,1,955,True
419,37,-1,0,0,-20,0,0,666,True
419,38,1,0,0,20,0,1,700,True
419,39,-1,0,0,15,0,1,722,True
419,40,1,0,0,20,0,1,866,True
419,41,-1,0,0,-15,0,0,655,True
419,42,1,0,0,10,0,1,621,True
419,43,-1,0,0,-15,0,0,655,True
419,44,1,0,0,-15,0,0,744,True
419,45,-1,0,0,10,0,1,845,True
419,46,1,0,0,-30,0,0,988,True
419,47,-1,0,0,-10,0,0,621,True
419,48,1,0,0,0,0,1,611,True
419,49,-1,0,0,10,0,1,602,True
419,50,1,0,0,-20,0,0,911,True
419,51,-1,0,0,5,0,1,623,True
419,52,1,0,0,15,0,1,811,True
419,53,-1,0,0,-5,0,0,578,True
419,54,1,0,0,10,0,1,677,True
419,55,-1,0,0,15,0,1,555,True
419,56,1,0,0,30,0,1,899,True
419,57,-1,0,0,-10,0,0,578,True
419,58,1,0,0,15,0,1,1610,True
419,59,-1,0,0,20,0,1,866,True
419,60,1,0,0,15,0,1,645,True
419,61,-1,0,0,30,0,1,555,True
419,62,1,0,0,-20,0,0,2044,True
419,63,-1,0,0,-20,0,0,666,True
419,64,1,0,0,5,0,1,599,True
419,65,-1,0,0,-10,0,0,866,True
419,66,1,0,0,-15,0,0,1822,True
419,67,-1,0,0,20,0,1,988,True
419,68,1,0,0,-20,0,0,611,True
419,69,-1,0,0,5,0,1,523,True
420,4,1,0,0,0,0,0,1022,True
420,5,-1,0,0,-20,0,0,2743,True
420,6,1,0,0,10,0,1,8453,True
420,7,-1,0,0,-20,0,0,1255,True
420,8,1,0,0,30,0,1,4009,True
420,9,-1,0,0,30,0,1,1032,True
420,10,1,0,0,30,0,1,1288,True
420,11,-1,0,0,-30,0,0,1154,True
420,12,1,0,0,-15,0,0,1099,True
420,13,-1,0,0,0,0,0,1466,True
420,14,1,0,0,-30,0,0,1410,True
420,15,-1,0,0,30,0,1,1022,True
420,16,1,0,0,-5,0,0,2988,True
420,17,-1,0,0,10,0,1,1145,True
420,18,1,0,0,-15,0,0,1387,True
420,19,-1,0,0,15,0,1,1155,True
420,20,1,0,0,-20,0,0,1400,True
420,21,-1,0,0,-30,0,0,1122,True
420,22,1,0,0,10,0,0,2011,True
420,23,-1,0,0,-20,0,0,1254,True
420,24,1,0,0,-10,0,0,1278,True
420,25,-1,0,0,30,0,1,911,True
420,26,1,0,0,-20,0,0,1277,True
420,27,-1,0,0,15,0,1,1155,True
420,28,1,0,0,10,0,1,1611,True
420,29,-1,0,0,-10,0,0,1277,True
420,30,1,0,0,20,0,1,1493,True
420,31,-1,0,0,-15,0,0,1222,True
420,32,1,0,0,5,0,1,1410,True
420,33,-1,0,0,-15,0,0,1466,True
420,34,1,0,0,-10,0,0,999,True
420,35,-1,0,0,20,0,1,1488,True
420,36,1,0,0,-5,0,0,1443,True
420,37,-1,0,0,5,0,1,1322,True
420,38,1,0,0,15,0,1,1277,True
420,39,-1,0,0,10,0,0,2510,True
420,40,1,0,0,30,0,1,1188,True
420,41,-1,0,0,-5,0,0,1055,True
420,42,1,0,0,-15,0,0,900,True
420,43,-1,0,0,20,0,1,1199,True
420,44,1,0,0,-20,0,0,1277,True
420,45,-1,0,0,-15,0,0,844,True
420,46,1,0,0,15,0,1,933,True
420,47,-1,0,0,-30,0,0,910,True
420,48,1,0,0,0,0,0,1145,True
420,49,-1,0,0,-5,0,0,866,True
420,50,1,0,0,-5,0,0,1832,True
420,51,-1,0,0,10,0,0,922,True
420,52,1,0,0,-30,0,0,890,True
420,53,-1,0,0,0,0,0,1176,True
420,54,1,0,0,5,0,1,2177,True
420,55,-1,0,0,-5,0,0,1200,True
420,56,1,0,0,5,0,1,1444,True
420,57,-1,0,0,20,0,1,1300,True
420,58,1,0,0,0,0,0,1677,True
420,59,-1,0,0,5,0,0,1111,True
420,60,1,0,0,-10,0,0,1311,True
420,61,-1,0,0,15,0,1,977,True
420,62,1,0,0,20,0,1,1244,True
420,63,-1,0,0,5,0,0,911,True
420,64,1,0,0,20,0,1,977,True
420,65,-1,0,0,-10,0,0,922,True
420,66,1,0,0,15,0,1,955,True
420,67,-1,0,0,-10,0,0,721,True
420,68,1,0,0,-30,0,0,855,True
420,69,-1,0,0,0,0,0,932,True
421,4,1,0,0,-20,0,0,1233,True
421,5,-1,0,0,-10,0,1,645,True
421,6,1,0,0,10,0,1,466,True
421,7,-1,0,0,-30,0,0,521,True
421,8,1,0,0,10,0,1,1910,True
421,9,-1,0,0,-15,0,0,610,True
421,10,1,0,0,5,0,1,557,True
421,11,-1,0,0,-5,0,0,733,True
421,12,1,0,0,30,0,1,431,True
421,13,-1,0,0,30,0,1,477,True
421,14,1,0,0,-15,0,1,589,True
421,15,-1,0,0,0,0,1,490,True
421,16,1,0,0,-20,0,0,511,True
421,17,-1,0,0,10,0,1,589,True
421,18,1,0,0,0,0,1,677,True
421,19,-1,0,0,15,0,1,589,True
421,20,1,0,0,5,0,1,856,True
421,21,-1,0,0,-5,0,0,933,True
421,22,1,0,0,30,0,1,521,True
421,23,-1,0,0,10,0,1,888,True
421,24,1,0,0,-15,0,0,489,True
421,25,-1,0,0,-15,0,0,467,True
421,26,1,0,0,10,0,1,511,True
421,27,-1,0,0,15,0,1,522,True
421,28,1,0,0,-10,0,0,478,True
421,29,-1,0,0,-20,0,0,422,True
421,30,1,0,0,20,0,1,3576,True
421,31,-1,0,0,-5,0,0,556,True
421,32,1,0,0,-30,0,0,368,True
421,33,-1,0,0,20,0,1,400,True
421,34,1,0,0,15,0,1,400,True
421,35,-1,0,0,10,0,1,578,True
421,36,1,0,0,-5,0,0,967,True
421,37,-1,0,0,-30,0,0,400,True
421,38,1,0,0,-10,0,0,399,True
421,39,-1,0,0,-20,0,0,488,True
421,40,1,0,0,15,0,1,1066,True
421,41,-1,0,0,-10,0,0,899,True
421,42,1,0,0,-30,0,0,477,True
421,43,-1,0,0,5,0,1,399,True
421,44,1,0,0,-10,0,0,844,True
421,45,-1,0,0,5,0,1,544,True
421,46,1,0,0,5,0,1,444,True
421,47,-1,0,0,15,0,1,378,True
421,48,1,0,0,20,0,1,422,True
421,49,-1,0,0,-10,0,0,545,True
421,50,1,0,0,30,0,1,467,True
421,51,-1,0,0,0,0,0,388,True
421,52,1,0,0,-15,0,0,488,True
421,53,-1,0,0,30,0,1,411,True
421,54,1,0,0,0,0,1,378,True
421,55,-1,0,0,-15,0,0,400,True
421,56,1,0,0,-30,0,0,488,True
421,57,-1,0,0,20,0,1,432,True
421,58,1,0,0,0,0,1,389,True
421,59,-1,0,0,30,0,1,522,True
421,60,1,0,0,15,0,1,378,True
421,61,-1,0,0,5,0,1,389,True
421,62,1,0,0,-5,0,0,409,True
421,63,-1,0,0,20,0,1,456,True
421,64,1,0,0,-20,0,0,434,True
421,65,-1,0,0,-30,0,0,811,True
421,66,1,0,0,20,0,1,366,True
421,67,-1,0,0,0,0,0,366,True
421,68,1,0,0,-5,0,0,357,True
421,69,-1,0,0,-20,0,0,455,True
